qual_level,weighted.mean,ifLLTIwasaverage,ifLLTIwaslow10percent
No qualifications,197.35158128010306,2208276.064208956,6926992.806926823
Level 1 and entry level qualifications,246.35612089051267,2756614.9787355936,8647040.303816536
Level 2 qualifications,370.0920195098783,4141164.4281606507,12990140.4408175
Level 3 qualifications,481.8948491087566,5392188.164137815,16914392.73918799
Level 4 qualifications or above,774.4176096961238,8665387.224674234,27181870.938793182
